"filename", "language", "JavaScript", "HTML", "JSON", "PostCSS", "MS SQL", "comment", "blank", "total"
"c:\Users\LUIS MANUEL\Downloads\B2BWEB\PlataformaB2Bweb\BD\script.sql", "MS SQL", 0, 0, 0, 0, 158, 72, 26, 256
"c:\Users\LUIS MANUEL\Downloads\B2BWEB\PlataformaB2Bweb\config\database.js", "JavaScript", 19, 0, 0, 0, 0, 2, 4, 25
"c:\Users\LUIS MANUEL\Downloads\B2BWEB\PlataformaB2Bweb\config\email.js", "JavaScript", 9, 0, 0, 0, 0, 1, 4, 14
"c:\Users\LUIS MANUEL\Downloads\B2BWEB\PlataformaB2Bweb\config\multer.js", "JavaScript", 44, 0, 0, 0, 0, 1, 9, 54
"c:\Users\LUIS MANUEL\Downloads\B2BWEB\PlataformaB2Bweb\controllers\adminController.js", "JavaScript", 32, 0, 0, 0, 0, 1, 10, 43
"c:\Users\LUIS MANUEL\Downloads\B2BWEB\PlataformaB2Bweb\controllers\contactController.js", "JavaScript", 62, 0, 0, 0, 0, 1, 5, 68
"c:\Users\LUIS MANUEL\Downloads\B2BWEB\PlataformaB2Bweb\controllers\favoriteController.js", "JavaScript", 66, 0, 0, 0, 0, 2, 12, 80
"c:\Users\LUIS MANUEL\Downloads\B2BWEB\PlataformaB2Bweb\controllers\productController.js", "JavaScript", 262, 0, 0, 0, 0, 11, 32, 305
"c:\Users\LUIS MANUEL\Downloads\B2BWEB\PlataformaB2Bweb\controllers\reviewController.js", "JavaScript", 212, 0, 0, 0, 0, 3, 34, 249
"c:\Users\LUIS MANUEL\Downloads\B2BWEB\PlataformaB2Bweb\controllers\statsController.js", "JavaScript", 36, 0, 0, 0, 0, 4, 6, 46
"c:\Users\LUIS MANUEL\Downloads\B2BWEB\PlataformaB2Bweb\controllers\userController.js", "JavaScript", 88, 0, 0, 0, 0, 4, 20, 112
"c:\Users\LUIS MANUEL\Downloads\B2BWEB\PlataformaB2Bweb\js\Conexion.js", "JavaScript", 0, 0, 0, 0, 0, 0, 1, 1
"c:\Users\LUIS MANUEL\Downloads\B2BWEB\PlataformaB2Bweb\package-lock.json", "JSON", 0, 0, 1320, 0, 0, 0, 1, 1321
"c:\Users\LUIS MANUEL\Downloads\B2BWEB\PlataformaB2Bweb\package.json", "JSON", 0, 0, 24, 0, 0, 0, 1, 25
"c:\Users\LUIS MANUEL\Downloads\B2BWEB\PlataformaB2Bweb\public\Css\Utils.css", "PostCSS", 0, 0, 0, 67, 0, 0, 12, 79
"c:\Users\LUIS MANUEL\Downloads\B2BWEB\PlataformaB2Bweb\public\Css\contactar.css", "PostCSS", 0, 0, 0, 277, 0, 0, 68, 345
"c:\Users\LUIS MANUEL\Downloads\B2BWEB\PlataformaB2Bweb\public\Css\crear_productos.css", "PostCSS", 0, 0, 0, 442, 0, 20, 72, 534
"c:\Users\LUIS MANUEL\Downloads\B2BWEB\PlataformaB2Bweb\public\Css\dashboard_comprador.css", "PostCSS", 0, 0, 0, 655, 0, 14, 103, 772
"c:\Users\LUIS MANUEL\Downloads\B2BWEB\PlataformaB2Bweb\public\Css\detalle_producto.css", "PostCSS", 0, 0, 0, 970, 0, 21, 172, 1163
"c:\Users\LUIS MANUEL\Downloads\B2BWEB\PlataformaB2Bweb\public\Css\editar_producto.css", "PostCSS", 0, 0, 0, 184, 0, 2, 30, 216
"c:\Users\LUIS MANUEL\Downloads\B2BWEB\PlataformaB2Bweb\public\Css\explorar.css", "PostCSS", 0, 0, 0, 98, 0, 0, 17, 115
"c:\Users\LUIS MANUEL\Downloads\B2BWEB\PlataformaB2Bweb\public\Css\index.css", "PostCSS", 0, 0, 0, 55, 0, 0, 12, 67
"c:\Users\LUIS MANUEL\Downloads\B2BWEB\PlataformaB2Bweb\public\Css\login.css", "PostCSS", 0, 0, 0, 138, 0, 0, 21, 159
"c:\Users\LUIS MANUEL\Downloads\B2BWEB\PlataformaB2Bweb\public\Css\mensaje-exito.css", "PostCSS", 0, 0, 0, 305, 0, 16, 51, 372
"c:\Users\LUIS MANUEL\Downloads\B2BWEB\PlataformaB2Bweb\public\Css\mis_productos.css", "PostCSS", 0, 0, 0, 15, 0, 0, 5, 20
"c:\Users\LUIS MANUEL\Downloads\B2BWEB\PlataformaB2Bweb\public\Css\productos.css", "PostCSS", 0, 0, 0, 416, 0, 14, 73, 503
"c:\Users\LUIS MANUEL\Downloads\B2BWEB\PlataformaB2Bweb\public\Css\registro.css", "PostCSS", 0, 0, 0, 118, 0, 0, 18, 136
"c:\Users\LUIS MANUEL\Downloads\B2BWEB\PlataformaB2Bweb\public\Css\style.css", "PostCSS", 0, 0, 0, 101, 0, 3, 18, 122
"c:\Users\LUIS MANUEL\Downloads\B2BWEB\PlataformaB2Bweb\public\Html\contactar.html", "HTML", 0, 225, 0, 0, 0, 0, 31, 256
"c:\Users\LUIS MANUEL\Downloads\B2BWEB\PlataformaB2Bweb\public\Html\crear_productos.html", "HTML", 0, 170, 0, 0, 0, 4, 23, 197
"c:\Users\LUIS MANUEL\Downloads\B2BWEB\PlataformaB2Bweb\public\Html\dashboard_comprador.html", "HTML", 0, 178, 0, 0, 0, 10, 17, 205
"c:\Users\LUIS MANUEL\Downloads\B2BWEB\PlataformaB2Bweb\public\Html\detalle_producto.html", "HTML", 0, 203, 0, 0, 0, 13, 20, 236
"c:\Users\LUIS MANUEL\Downloads\B2BWEB\PlataformaB2Bweb\public\Html\editar_producto.html", "HTML", 0, 147, 0, 0, 0, 7, 14, 168
"c:\Users\LUIS MANUEL\Downloads\B2BWEB\PlataformaB2Bweb\public\Html\explorar.html", "HTML", 0, 41, 0, 0, 0, 0, 6, 47
"c:\Users\LUIS MANUEL\Downloads\B2BWEB\PlataformaB2Bweb\public\Html\index.html", "HTML", 0, 220, 0, 0, 0, 15, 20, 255
"c:\Users\LUIS MANUEL\Downloads\B2BWEB\PlataformaB2Bweb\public\Html\login.html", "HTML", 0, 75, 0, 0, 0, 0, 13, 88
"c:\Users\LUIS MANUEL\Downloads\B2BWEB\PlataformaB2Bweb\public\Html\mensaje-exito.html", "HTML", 0, 60, 0, 0, 0, 5, 10, 75
"c:\Users\LUIS MANUEL\Downloads\B2BWEB\PlataformaB2Bweb\public\Html\mis_productos.html", "HTML", 0, 67, 0, 0, 0, 1, 10, 78
"c:\Users\LUIS MANUEL\Downloads\B2BWEB\PlataformaB2Bweb\public\Html\productos.html", "HTML", 0, 292, 0, 0, 0, 4, 43, 339
"c:\Users\LUIS MANUEL\Downloads\B2BWEB\PlataformaB2Bweb\public\Html\registro.html", "HTML", 0, 43, 0, 0, 0, 1, 7, 51
"c:\Users\LUIS MANUEL\Downloads\B2BWEB\PlataformaB2Bweb\public\Js\contactar.js", "JavaScript", 36, 0, 0, 0, 0, 4, 7, 47
"c:\Users\LUIS MANUEL\Downloads\B2BWEB\PlataformaB2Bweb\public\Js\crear_productos.js", "JavaScript", 323, 0, 0, 0, 0, 3, 40, 366
"c:\Users\LUIS MANUEL\Downloads\B2BWEB\PlataformaB2Bweb\public\Js\dashboard_comprador.js", "JavaScript", 322, 0, 0, 0, 0, 36, 58, 416
"c:\Users\LUIS MANUEL\Downloads\B2BWEB\PlataformaB2Bweb\public\Js\detalle_producto.js", "JavaScript", 759, 0, 0, 0, 0, 7, 64, 830
"c:\Users\LUIS MANUEL\Downloads\B2BWEB\PlataformaB2Bweb\public\Js\editar_producto.js", "JavaScript", 129, 0, 0, 0, 0, 3, 18, 150
"c:\Users\LUIS MANUEL\Downloads\B2BWEB\PlataformaB2Bweb\public\Js\mensaje-exito.js", "JavaScript", 16, 0, 0, 0, 0, 5, 3, 24
"c:\Users\LUIS MANUEL\Downloads\B2BWEB\PlataformaB2Bweb\public\Js\mis_productos.js", "JavaScript", 119, 0, 0, 0, 0, 1, 16, 136
"c:\Users\LUIS MANUEL\Downloads\B2BWEB\PlataformaB2Bweb\public\Js\productos.js", "JavaScript", 262, 0, 0, 0, 0, 27, 58, 347
"c:\Users\LUIS MANUEL\Downloads\B2BWEB\PlataformaB2Bweb\public\Js\resgistro.js", "JavaScript", 29, 0, 0, 0, 0, 2, 8, 39
"c:\Users\LUIS MANUEL\Downloads\B2BWEB\PlataformaB2Bweb\public\Js\utils.js", "JavaScript", 30, 0, 0, 0, 0, 0, 6, 36
"c:\Users\LUIS MANUEL\Downloads\B2BWEB\PlataformaB2Bweb\routes\adminRoutes.js", "JavaScript", 5, 0, 0, 0, 0, 0, 4, 9
"c:\Users\LUIS MANUEL\Downloads\B2BWEB\PlataformaB2Bweb\routes\contactRoutes.js", "JavaScript", 5, 0, 0, 0, 0, 0, 4, 9
"c:\Users\LUIS MANUEL\Downloads\B2BWEB\PlataformaB2Bweb\routes\favoriteRoutes.js", "JavaScript", 6, 0, 0, 0, 0, 0, 4, 10
"c:\Users\LUIS MANUEL\Downloads\B2BWEB\PlataformaB2Bweb\routes\productRoutes.js", "JavaScript", 13, 0, 0, 0, 0, 0, 4, 17
"c:\Users\LUIS MANUEL\Downloads\B2BWEB\PlataformaB2Bweb\routes\reviewRoutes.js", "JavaScript", 8, 0, 0, 0, 0, 0, 4, 12
"c:\Users\LUIS MANUEL\Downloads\B2BWEB\PlataformaB2Bweb\routes\statsRoutes.js", "JavaScript", 5, 0, 0, 0, 0, 0, 4, 9
"c:\Users\LUIS MANUEL\Downloads\B2BWEB\PlataformaB2Bweb\routes\userRoutes.js", "JavaScript", 13, 0, 0, 0, 0, 0, 6, 19
"c:\Users\LUIS MANUEL\Downloads\B2BWEB\PlataformaB2Bweb\server.js", "JavaScript", 27, 0, 0, 0, 0, 6, 7, 40
"Total", "-", 2937, 1721, 1344, 3841, 158, 346, 1366, 11713